Player #,# Rounds,# Vertices,# Players,Edge Density,Algorithm,Ranking,Score,# Controlled Vertices
1,5,100,5,0.3,adaptive,2,81.77483074548955,24
2,5,100,5,0.3,McGoldrick,3,72.45989043579905,23
3,5,100,5,0.3,adaptive2,5,36.93731451583589,9
4,5,100,5,0.3,greedy,1,83.98349178196997,24
5,5,100,5,0.3,greedy,4,58.70521296399614,20
